Model,Best Parameters,Accuracy,Precision,Recall,F1-score,Training Time
Logistic Regression,{'C': 0.01},0.7392857142857143,0.738562091503268,0.7393565244121113,0.7387225013102223,0.8063843250274658
Random Forest,"{'max_depth': 20, 'n_estimators': 200}",0.7785714285714286,0.7788152456757997,0.7799579896511092,0.778390522875817,29.404123067855835
Support Vector Machine,"{'C': 0.1, 'kernel': 'linear'}",0.7214285714285714,0.7222193864529631,0.7230390901173216,0.721300597213006,1337.791708946228
Gradient Boosting,"{'learning_rate': 0.1, 'n_estimators': 100}",0.7714285714285715,0.7716720240828614,0.7727854910599928,0.7712418300653594,9.916950941085815
LightGBM,"{'learning_rate': 0.1, 'num_leaves': 50}",0.7964285714285714,0.7955939480678798,0.7962754239458989,0.7958426606971538,2.654590606689453
XGBoost,"{'learning_rate': 0.1, 'max_depth': 3}",0.7642857142857142,0.7650962176509621,0.7660740816640197,0.7641774284110051,3.587618112564087
CatBoost,"{'iterations': 200, 'learning_rate': 0.1}",0.775,0.7755154113084304,0.7766022849531227,0.774859287054409,7.870071649551392
